<?xml version="1.0" encoding="UTF-8"?>
<beans xmlns="http://www.springframework.org/schema/beans"
       xmlns:xsi="http://www.w3.org/2001/XMLSchema-instance"
       xmlns:context="http://www.springframework.org/schema/context"
       xmlns:p="http://www.springframework.org/schema/p"
       xmlns:mvc="http://www.springframework.org/schema/mvc"
       xsi:schemaLocation="http://www.springframework.org/schema/beans
        https://www.springframework.org/schema/beans/spring-beans.xsd
        http://www.springframework.org/schema/mvc
	    http://www.springframework.org/schema/mvc/spring-mvc.xsd
        http://www.springframework.org/schema/context
        http://www.springframework.org/schema/context/spring-context-4.3.xsd">
    <mvc:annotation-driven />
    <context:component-scan base-package="org.example.controller"/>
<!--    <context:component-scan base-package="org.example.po"/>-->
    <!-- 对模型视图名称的解析，即在模型视图名称添加前后缀 -->
    <!-- 配置视图解析器 -->
    <mvc:resources location="/res/" mapping="/res/**" cache-period="31556926"/>
    <!-- 当web.xml中url-pattern为"/"，使用WEB-INF保存动态资源时，静态资源映射 -->
    <bean class="org.springframework.web.servlet.view.InternalResourceViewResolver">
        <property name="prefix" value="/WEB-INF/view/"/>
        <property name="suffix" value=".jsp"/>
    </bean>

</beans>